"haplotype"	"feature"	"strand"	"start"	"end"	"mean_methy_prob"	"mean_methy_rate"
"4q_hap2"	"D4Z4_array"	"+"	18529	105411	0.751817299747316	0.769714985137262
"4q_hap1"	"D4Z4_array"	"+"	124909	166283	0.312535922142529	0.303158733608636
"10q_hap2"	"D4Z4_array"	"+"	64656	144932	0.773208838306086	0.788673771835782
"10q_hap1"	"D4Z4_array"	"+"	137769	208383	0.64570481746903	0.653596141748794
